<?xml version="1.0" encoding="UTF-8"?>
<manifest identifier="scorm-package-dabc9c04-e1aa-489c-826f-2aaa06be7b08"
  version="1"
  xmlns="http://www.imsglobal.org/xsd/imscp_v1p1"
  xmlns:adlcp="http://www.adlnet.org/xsd/adlcp_v1p3"
  xmlns:adlseq="http://www.adlnet.org/xsd/adlseq_v1p3"
  xmlns:adlnav="http://www.adlnet.org/xsd/adlnav_v1p3"
  xmlns:imsss="http://www.imsglobal.org/xsd/imsss"
  xmlns:lom="http://ltsc.ieee.org/xsd/LOM"
  xmlns:xsi="http://www.w3.org/2001/XMLSchema-instance"
  xsi:schemaLocation="http://www.imsglobal.org/xsd/imscp_v1p1 imscp_v1p1.xsd
                      http://www.adlnet.org/xsd/adlcp_v1p3 adlcp_v1p3.xsd
                      http://www.adlnet.org/xsd/adlseq_v1p3 adlseq_v1p3.xsd
                      http://www.adlnet.org/xsd/adlnav_v1p3 adlnav_v1p3.xsd
                      http://www.imsglobal.org/xsd/imsss imsss_v1p0.xsd">
  <metadata>
    <schema>ADL SCORM</schema>
    <schemaversion>2004 3rd Edition</schemaversion>
    <lom:lom>
      <lom:general>
        <lom:title>
          <lom:string language="fr">Les bases de la négociation professionnelle</lom:string>
        </lom:title>
        <lom:description>
          <lom:string language="fr">Formation destinée aux commerciaux, acheteurs, dirigeants, cadres, ressources humaines</lom:string>
        </lom:description>
      </lom:general>
      <lom:lifeCycle>
        <lom:version>
          <lom:string language="en">1.0</lom:string>
        </lom:version>
      </lom:lifeCycle>
    </lom:lom>
  </metadata>
  <organizations default="org-dabc9c04-e1aa-489c-826f-2aaa06be7b08">
    <organization identifier="org-dabc9c04-e1aa-489c-826f-2aaa06be7b08">
      <title>Les bases de la négociation professionnelle</title>
      <item identifier="item-module-f71e74b3-4565-4a60-bccd-22b6977e637b" identifierref="resource-sco">
        <title>La Négociation professionnelle</title>
      </item>
    </organization>
  </organizations>
  <resources>
    <resource identifier="resource-sco" type="webcontent" adlcp:scormType="sco" href="index.html">
      <file href="index.html" />
      <file href="lms-module-config.js" />
    </resource>
  </resources>
</manifest>